taskId, min_lat, min_lon, max_lat, max_lon
746,16.8245079588,94.7774954283,16.8295079588,94.7824954283
735,16.8345079588,94.7074954283,16.8395079588,94.7124954283
783,16.8345079588,94.7174954283,16.8395079588,94.7224954283
343,16.8045079588,94.7349954283,16.8070079588,94.7374954283
649,16.7695079588,94.6974954283,16.7745079588,94.7024954283
341,16.7995079588,94.7349954283,16.8020079588,94.7374954283
781,16.8195079588,94.7174954283,16.8245079588,94.7224954283
704,16.8245079588,94.7024954283,16.8295079588,94.7074954283
825,16.8245079588,94.7324954283,16.8295079588,94.7374954283
812,16.8195079588,94.7274954283,16.8245079588,94.7324954283
866,16.8245079588,94.7424954283,16.8295079588,94.7474954283
84,16.8170079588,94.7524954283,16.8195079588,94.7549954283
719,16.7545079588,94.7074954283,16.7595079588,94.7124954283
679,16.8145079588,94.7674954283,16.8195079588,94.7724954283
785,16.8445079588,94.7174954283,16.8495079588,94.7224954283
470,16.7645079588,94.7449954283,16.7670079588,94.7474954283
771,16.8295079588,94.7824954283,16.8345079588,94.7874954283
808,16.8295079588,94.7924954283,16.8345079588,94.7974954283
790,16.8145079588,94.7874954283,16.8195079588,94.7924954283
791,16.8195079588,94.7874954283,16.8245079588,94.7924954283
809,16.8045079588,94.7274954283,16.8095079588,94.7324954283
459,16.8145079588,94.7424954283,16.8170079588,94.7449954283
865,16.8095079588,94.7424954283,16.8145079588,94.7474954283
128,16.8220079588,94.7549954283,16.8245079588,94.7574954283
7,16.7545079588,94.7499954283,16.7570079588,94.7524954283
840,16.8995079588,94.7324954283,16.9045079588,94.7374954283
693,16.7845079588,94.7024954283,16.7895079588,94.7074954283
443,16.8070079588,94.7749954283,16.8095079588,94.7774954283
715,16.7445079588,94.7074954283,16.7495079588,94.7124954283
620,16.7895079588,94.6924954283,16.7945079588,94.6974954283
529,16.7495079588,94.7149954283,16.7520079588,94.7174954283
850,16.8595079588,94.7374954283,16.8645079588,94.7424954283
560,16.8645079588,94.7474954283,16.8695079588,94.7524954283
753,16.7995079588,94.7124954283,16.8045079588,94.7174954283
159,16.7520079588,94.7249954283,16.7545079588,94.7274954283
594,16.8845079588,94.7524954283,16.8895079588,94.7574954283
713,16.7395079588,94.7074954283,16.7445079588,94.7124954283
827,16.8345079588,94.7324954283,16.8395079588,94.7374954283
819,16.8745079588,94.7274954283,16.8795079588,94.7324954283
815,16.8345079588,94.7274954283,16.8395079588,94.7324954283
828,16.8395079588,94.7324954283,16.8445079588,94.7374954283
829,16.8445079588,94.7324954283,16.8495079588,94.7374954283
830,16.8495079588,94.7324954283,16.8545079588,94.7374954283
749,16.7795079588,94.7124954283,16.7845079588,94.7174954283
164,16.8020079588,94.7574954283,16.8045079588,94.7599954283
112,16.7970079588,94.7549954283,16.7995079588,94.7574954283
842,16.9095079588,94.7324954283,16.9145079588,94.7374954283
680,16.7495079588,94.7024954283,16.7545079588,94.7074954283
722,16.8295079588,94.7724954283,16.8345079588,94.7774954283
40,16.8145079588,94.7499954283,16.8170079588,94.7524954283
766,16.8045079588,94.7824954283,16.8095079588,94.7874954283
390,16.8220079588,94.7374954283,16.8245079588,94.7399954283
578,16.8295079588,94.7524954283,16.8345079588,94.7574954283
756,16.8145079588,94.7124954283,16.8195079588,94.7174954283
627,16.8095079588,94.6924954283,16.8145079588,94.6974954283
629,16.8145079588,94.6924954283,16.8195079588,94.6974954283
793,16.8295079588,94.7874954283,16.8345079588,94.7924954283
367,16.8070079588,94.7699954283,16.8095079588,94.7724954283
676,16.9245079588,94.7624954283,16.9295079588,94.7674954283
863,16.9245079588,94.7374954283,16.9295079588,94.7424954283
824,16.8995079588,94.7274954283,16.9045079588,94.7324954283
823,16.8945079588,94.7274954283,16.8995079588,94.7324954283
802,16.8345079588,94.7224954283,16.8395079588,94.7274954283
672,16.9045079588,94.7624954283,16.9095079588,94.7674954283
670,16.8295079588,94.6974954283,16.8345079588,94.7024954283
637,16.9245079588,94.7574954283,16.9295079588,94.7624954283
632,16.8945079588,94.7574954283,16.8995079588,94.7624954283
602,16.9245079588,94.7524954283,16.9295079588,94.7574954283
349,16.8195079588,94.7349954283,16.8220079588,94.7374954283
305,16.8195079588,94.7324954283,16.8220079588,94.7349954283
114,16.7995079588,94.7549954283,16.8020079588,94.7574954283
822,16.8895079588,94.7274954283,16.8945079588,94.7324954283
681,16.8195079588,94.7674954283,16.8245079588,94.7724954283
570,16.9145079588,94.7474954283,16.9195079588,94.7524954283
837,16.8845079588,94.7324954283,16.8895079588,94.7374954283
836,16.8795079588,94.7324954283,16.8845079588,94.7374954283
835,16.8745079588,94.7324954283,16.8795079588,94.7374954283
834,16.8695079588,94.7324954283,16.8745079588,94.7374954283
833,16.8645079588,94.7324954283,16.8695079588,94.7374954283
832,16.8595079588,94.7324954283,16.8645079588,94.7374954283
831,16.8545079588,94.7324954283,16.8595079588,94.7374954283
826,16.8295079588,94.7324954283,16.8345079588,94.7374954283
821,16.8845079588,94.7274954283,16.8895079588,94.7324954283
820,16.8795079588,94.7274954283,16.8845079588,94.7324954283
818,16.8645079588,94.7274954283,16.8695079588,94.7324954283
817,16.8595079588,94.7274954283,16.8645079588,94.7324954283
816,16.8545079588,94.7274954283,16.8595079588,94.7324954283
814,16.8295079588,94.7274954283,16.8345079588,94.7324954283
813,16.8245079588,94.7274954283,16.8295079588,94.7324954283
811,16.8145079588,94.7274954283,16.8195079588,94.7324954283
810,16.8095079588,94.7274954283,16.8145079588,94.7324954283
807,16.8245079588,94.7924954283,16.8295079588,94.7974954283
806,16.8195079588,94.7924954283,16.8245079588,94.7974954283
805,16.8145079588,94.7924954283,16.8195079588,94.7974954283
804,16.8445079588,94.7224954283,16.8495079588,94.7274954283
803,16.8395079588,94.7224954283,16.8445079588,94.7274954283
801,16.8295079588,94.7224954283,16.8345079588,94.7274954283
800,16.8245079588,94.7224954283,16.8295079588,94.7274954283
798,16.8145079588,94.7224954283,16.8195079588,94.7274954283
796,16.8045079588,94.7224954283,16.8095079588,94.7274954283
792,16.8245079588,94.7874954283,16.8295079588,94.7924954283
789,16.8095079588,94.7874954283,16.8145079588,94.7924954283
788,16.7395079588,94.7224954283,16.7445079588,94.7274954283
787,16.7345079588,94.7224954283,16.7395079588,94.7274954283
786,16.8495079588,94.7174954283,16.8545079588,94.7224954283
784,16.8395079588,94.7174954283,16.8445079588,94.7224954283
782,16.8245079588,94.7174954283,16.8295079588,94.7224954283
780,16.8145079588,94.7174954283,16.8195079588,94.7224954283
778,16.8045079588,94.7174954283,16.8095079588,94.7224954283
774,16.7845079588,94.7174954283,16.7895079588,94.7224954283
773,16.7795079588,94.7174954283,16.7845079588,94.7224954283
770,16.8245079588,94.7824954283,16.8295079588,94.7874954283
767,16.8095079588,94.7824954283,16.8145079588,94.7874954283
765,16.7345079588,94.7174954283,16.7395079588,94.7224954283
763,16.8495079588,94.7124954283,16.8545079588,94.7174954283
762,16.8445079588,94.7124954283,16.8495079588,94.7174954283
760,16.8345079588,94.7124954283,16.8395079588,94.7174954283
759,16.8295079588,94.7124954283,16.8345079588,94.7174954283
758,16.8245079588,94.7124954283,16.8295079588,94.7174954283
757,16.8195079588,94.7124954283,16.8245079588,94.7174954283
755,16.8095079588,94.7124954283,16.8145079588,94.7174954283
751,16.7895079588,94.7124954283,16.7945079588,94.7174954283
750,16.7845079588,94.7124954283,16.7895079588,94.7174954283
748,16.7745079588,94.7124954283,16.7795079588,94.7174954283
747,16.8295079588,94.7774954283,16.8345079588,94.7824954283
744,16.8145079588,94.7774954283,16.8195079588,94.7824954283
743,16.8095079588,94.7774954283,16.8145079588,94.7824954283
742,16.7395079588,94.7124954283,16.7445079588,94.7174954283
741,16.7345079588,94.7124954283,16.7395079588,94.7174954283
739,16.7895079588,94.7774954283,16.7945079588,94.7824954283
738,16.8495079588,94.7074954283,16.8545079588,94.7124954283
737,16.8445079588,94.7074954283,16.8495079588,94.7124954283
736,16.8395079588,94.7074954283,16.8445079588,94.7124954283
734,16.8295079588,94.7074954283,16.8345079588,94.7124954283
733,16.8245079588,94.7074954283,16.8295079588,94.7124954283
732,16.8195079588,94.7074954283,16.8245079588,94.7124954283
727,16.7845079588,94.7074954283,16.7895079588,94.7124954283
726,16.7795079588,94.7074954283,16.7845079588,94.7124954283
725,16.7745079588,94.7074954283,16.7795079588,94.7124954283
724,16.7695079588,94.7074954283,16.7745079588,94.7124954283
721,16.7595079588,94.7074954283,16.7645079588,94.7124954283
718,16.8195079588,94.7724954283,16.8245079588,94.7774954283
717,16.7495079588,94.7074954283,16.7545079588,94.7124954283
716,16.8145079588,94.7724954283,16.8195079588,94.7774954283
714,16.8095079588,94.7724954283,16.8145079588,94.7774954283
712,16.7345079588,94.7074954283,16.7395079588,94.7124954283
711,16.7895079588,94.7724954283,16.7945079588,94.7774954283
710,16.7845079588,94.7724954283,16.7895079588,94.7774954283
709,16.8495079588,94.7024954283,16.8545079588,94.7074954283
708,16.8445079588,94.7024954283,16.8495079588,94.7074954283
707,16.8395079588,94.7024954283,16.8445079588,94.7074954283
706,16.8345079588,94.7024954283,16.8395079588,94.7074954283
705,16.8295079588,94.7024954283,16.8345079588,94.7074954283
703,16.8195079588,94.7024954283,16.8245079588,94.7074954283
702,16.8145079588,94.7024954283,16.8195079588,94.7074954283
701,16.8795079588,94.7674954283,16.8845079588,94.7724954283
699,16.8745079588,94.7674954283,16.8795079588,94.7724954283
698,16.8045079588,94.7024954283,16.8095079588,94.7074954283
697,16.8695079588,94.7674954283,16.8745079588,94.7724954283
696,16.7995079588,94.7024954283,16.8045079588,94.7074954283
695,16.8645079588,94.7674954283,16.8695079588,94.7724954283
694,16.8595079588,94.7674954283,16.8645079588,94.7724954283
692,16.7795079588,94.7024954283,16.7845079588,94.7074954283
691,16.8445079588,94.7674954283,16.8495079588,94.7724954283
689,16.8395079588,94.7674954283,16.8445079588,94.7724954283
688,16.7695079588,94.7024954283,16.7745079588,94.7074954283
687,16.8345079588,94.7674954283,16.8395079588,94.7724954283
686,16.7645079588,94.7024954283,16.7695079588,94.7074954283
685,16.8295079588,94.7674954283,16.8345079588,94.7724954283
683,16.8245079588,94.7674954283,16.8295079588,94.7724954283
682,16.7545079588,94.7024954283,16.7595079588,94.7074954283
678,16.8095079588,94.7674954283,16.8145079588,94.7724954283
677,16.7745079588,94.7674954283,16.7795079588,94.7724954283
675,16.9195079588,94.7624954283,16.9245079588,94.7674954283
674,16.9145079588,94.7624954283,16.9195079588,94.7674954283
673,16.9095079588,94.7624954283,16.9145079588,94.7674954283
671,16.8345079588,94.6974954283,16.8395079588,94.7024954283
669,16.8245079588,94.6974954283,16.8295079588,94.7024954283
668,16.8895079588,94.7624954283,16.8945079588,94.7674954283
667,16.8195079588,94.6974954283,16.8245079588,94.7024954283
666,16.8845079588,94.7624954283,16.8895079588,94.7674954283
665,16.8145079588,94.6974954283,16.8195079588,94.7024954283
664,16.8795079588,94.7624954283,16.8845079588,94.7674954283
662,16.8745079588,94.7624954283,16.8795079588,94.7674954283
661,16.8045079588,94.6974954283,16.8095079588,94.7024954283
660,16.8695079588,94.7624954283,16.8745079588,94.7674954283
659,16.7995079588,94.6974954283,16.8045079588,94.7024954283
658,16.8645079588,94.7624954283,16.8695079588,94.7674954283
657,16.8595079588,94.7624954283,16.8645079588,94.7674954283
656,16.8545079588,94.7624954283,16.8595079588,94.7674954283
655,16.7845079588,94.6974954283,16.7895079588,94.7024954283
654,16.8495079588,94.7624954283,16.8545079588,94.7674954283
653,16.7795079588,94.6974954283,16.7845079588,94.7024954283
652,16.8445079588,94.7624954283,16.8495079588,94.7674954283
651,16.7745079588,94.6974954283,16.7795079588,94.7024954283
650,16.8395079588,94.7624954283,16.8445079588,94.7674954283
648,16.8345079588,94.7624954283,16.8395079588,94.7674954283
647,16.7645079588,94.6974954283,16.7695079588,94.7024954283
646,16.8295079588,94.7624954283,16.8345079588,94.7674954283
645,16.7595079588,94.6974954283,16.7645079588,94.7024954283
644,16.8245079588,94.7624954283,16.8295079588,94.7674954283
643,16.7545079588,94.6974954283,16.7595079588,94.7024954283
642,16.8195079588,94.7624954283,16.8245079588,94.7674954283
641,16.7495079588,94.6974954283,16.7545079588,94.7024954283
640,16.8045079588,94.7624954283,16.8095079588,94.7674954283
639,16.7695079588,94.7624954283,16.7745079588,94.7674954283
638,16.7645079588,94.7624954283,16.7695079588,94.7674954283
636,16.9195079588,94.7574954283,16.9245079588,94.7624954283
635,16.9145079588,94.7574954283,16.9195079588,94.7624954283
634,16.9095079588,94.7574954283,16.9145079588,94.7624954283
633,16.9045079588,94.7574954283,16.9095079588,94.7624954283
631,16.8895079588,94.7574954283,16.8945079588,94.7624954283
630,16.8845079588,94.7574954283,16.8895079588,94.7624954283
628,16.8795079588,94.7574954283,16.8845079588,94.7624954283
626,16.8745079588,94.7574954283,16.8795079588,94.7624954283
625,16.8045079588,94.6924954283,16.8095079588,94.6974954283
624,16.8695079588,94.7574954283,16.8745079588,94.7624954283
623,16.7995079588,94.6924954283,16.8045079588,94.6974954283
622,16.8645079588,94.7574954283,16.8695079588,94.7624954283
621,16.8595079588,94.7574954283,16.8645079588,94.7624954283
619,16.8545079588,94.7574954283,16.8595079588,94.7624954283
618,16.7845079588,94.6924954283,16.7895079588,94.6974954283
617,16.8495079588,94.7574954283,16.8545079588,94.7624954283
616,16.7795079588,94.6924954283,16.7845079588,94.6974954283
615,16.8445079588,94.7574954283,16.8495079588,94.7624954283
613,16.8395079588,94.7574954283,16.8445079588,94.7624954283
612,16.7695079588,94.6924954283,16.7745079588,94.6974954283
611,16.8345079588,94.7574954283,16.8395079588,94.7624954283
610,16.7645079588,94.6924954283,16.7695079588,94.6974954283
609,16.8295079588,94.7574954283,16.8345079588,94.7624954283
608,16.7595079588,94.6924954283,16.7645079588,94.6974954283
607,16.8245079588,94.7574954283,16.8295079588,94.7624954283
606,16.8195079588,94.7574954283,16.8245079588,94.7624954283
605,16.8045079588,94.7574954283,16.8095079588,94.7624954283
604,16.7395079588,94.7574954283,16.7445079588,94.7624954283
603,16.7345079588,94.7574954283,16.7395079588,94.7624954283
601,16.9195079588,94.7524954283,16.9245079588,94.7574954283
244,16.8020079588,94.7624954283,16.8045079588,94.7649954283
243,16.7570079588,94.7299954283,16.7595079588,94.7324954283
242,16.7995079588,94.7624954283,16.8020079588,94.7649954283
241,16.7545079588,94.7299954283,16.7570079588,94.7324954283
240,16.7970079588,94.7624954283,16.7995079588,94.7649954283
239,16.7520079588,94.7299954283,16.7545079588,94.7324954283
238,16.7945079588,94.7624954283,16.7970079588,94.7649954283
237,16.7495079588,94.7299954283,16.7520079588,94.7324954283
236,16.7920079588,94.7624954283,16.7945079588,94.7649954283
235,16.7470079588,94.7299954283,16.7495079588,94.7324954283
233,16.7445079588,94.7299954283,16.7470079588,94.7324954283
232,16.7870079588,94.7624954283,16.7895079588,94.7649954283
231,16.7845079588,94.7624954283,16.7870079588,94.7649954283
230,16.7820079588,94.7624954283,16.7845079588,94.7649954283
229,16.7795079588,94.7624954283,16.7820079588,94.7649954283
227,16.7745079588,94.7624954283,16.7770079588,94.7649954283
226,16.8020079588,94.7274954283,16.8045079588,94.7299954283
225,16.7995079588,94.7274954283,16.8020079588,94.7299954283
224,16.7970079588,94.7274954283,16.7995079588,94.7299954283
218,16.7820079588,94.7274954283,16.7845079588,94.7299954283
217,16.7795079588,94.7274954283,16.7820079588,94.7299954283
216,16.7770079588,94.7274954283,16.7795079588,94.7299954283
214,16.7720079588,94.7274954283,16.7745079588,94.7299954283
210,16.7620079588,94.7274954283,16.7645079588,94.7299954283
207,16.7570079588,94.7274954283,16.7595079588,94.7299954283
206,16.7995079588,94.7599954283,16.8020079588,94.7624954283
205,16.7545079588,94.7274954283,16.7570079588,94.7299954283
204,16.7970079588,94.7599954283,16.7995079588,94.7624954283
203,16.7520079588,94.7274954283,16.7545079588,94.7299954283
201,16.7495079588,94.7274954283,16.7520079588,94.7299954283
199,16.7470079588,94.7274954283,16.7495079588,94.7299954283
198,16.7895079588,94.7599954283,16.7920079588,94.7624954283
197,16.7445079588,94.7274954283,16.7470079588,94.7299954283
196,16.7870079588,94.7599954283,16.7895079588,94.7624954283
195,16.7845079588,94.7599954283,16.7870079588,94.7624954283
194,16.7820079588,94.7599954283,16.7845079588,94.7624954283
193,16.7795079588,94.7599954283,16.7820079588,94.7624954283
192,16.7770079588,94.7599954283,16.7795079588,94.7624954283
190,16.7720079588,94.7599954283,16.7745079588,94.7624954283
189,16.7695079588,94.7599954283,16.7720079588,94.7624954283
188,16.7670079588,94.7599954283,16.7695079588,94.7624954283
187,16.7645079588,94.7599954283,16.7670079588,94.7624954283
186,16.7620079588,94.7599954283,16.7645079588,94.7624954283
185,16.7595079588,94.7599954283,16.7620079588,94.7624954283
184,16.7570079588,94.7599954283,16.7595079588,94.7624954283
183,16.7545079588,94.7599954283,16.7570079588,94.7624954283
182,16.7520079588,94.7599954283,16.7545079588,94.7624954283
181,16.7495079588,94.7599954283,16.7520079588,94.7624954283
180,16.7470079588,94.7599954283,16.7495079588,94.7624954283
179,16.7445079588,94.7599954283,16.7470079588,94.7624954283
178,16.7970079588,94.7249954283,16.7995079588,94.7274954283
177,16.7945079588,94.7249954283,16.7970079588,94.7274954283
176,16.7920079588,94.7249954283,16.7945079588,94.7274954283
173,16.7845079588,94.7249954283,16.7870079588,94.7274954283
172,16.7770079588,94.7249954283,16.7795079588,94.7274954283
886,16.9245079588,94.7424954283,16.9295079588,94.7474954283
885,16.9195079588,94.7424954283,16.9245079588,94.7474954283
884,16.9145079588,94.7424954283,16.9195079588,94.7474954283
883,16.9095079588,94.7424954283,16.9145079588,94.7474954283
882,16.9045079588,94.7424954283,16.9095079588,94.7474954283
881,16.8995079588,94.7424954283,16.9045079588,94.7474954283
880,16.8945079588,94.7424954283,16.8995079588,94.7474954283
879,16.8895079588,94.7424954283,16.8945079588,94.7474954283
878,16.8845079588,94.7424954283,16.8895079588,94.7474954283
877,16.8795079588,94.7424954283,16.8845079588,94.7474954283
876,16.8745079588,94.7424954283,16.8795079588,94.7474954283
875,16.8695079588,94.7424954283,16.8745079588,94.7474954283
874,16.8645079588,94.7424954283,16.8695079588,94.7474954283
873,16.8595079588,94.7424954283,16.8645079588,94.7474954283
872,16.8545079588,94.7424954283,16.8595079588,94.7474954283
871,16.8495079588,94.7424954283,16.8545079588,94.7474954283
870,16.8445079588,94.7424954283,16.8495079588,94.7474954283
869,16.8395079588,94.7424954283,16.8445079588,94.7474954283
868,16.8345079588,94.7424954283,16.8395079588,94.7474954283
867,16.8295079588,94.7424954283,16.8345079588,94.7474954283
864,16.8045079588,94.7424954283,16.8095079588,94.7474954283
862,16.9195079588,94.7374954283,16.9245079588,94.7424954283
861,16.9145079588,94.7374954283,16.9195079588,94.7424954283
860,16.9095079588,94.7374954283,16.9145079588,94.7424954283
859,16.9045079588,94.7374954283,16.9095079588,94.7424954283
858,16.8995079588,94.7374954283,16.9045079588,94.7424954283
857,16.8945079588,94.7374954283,16.8995079588,94.7424954283
856,16.8895079588,94.7374954283,16.8945079588,94.7424954283
855,16.8845079588,94.7374954283,16.8895079588,94.7424954283
854,16.8795079588,94.7374954283,16.8845079588,94.7424954283
853,16.8745079588,94.7374954283,16.8795079588,94.7424954283
852,16.8695079588,94.7374954283,16.8745079588,94.7424954283
851,16.8645079588,94.7374954283,16.8695079588,94.7424954283
849,16.8545079588,94.7374954283,16.8595079588,94.7424954283
848,16.8495079588,94.7374954283,16.8545079588,94.7424954283
847,16.8445079588,94.7374954283,16.8495079588,94.7424954283
846,16.8395079588,94.7374954283,16.8445079588,94.7424954283
845,16.8345079588,94.7374954283,16.8395079588,94.7424954283
844,16.9195079588,94.7324954283,16.9245079588,94.7374954283
843,16.9145079588,94.7324954283,16.9195079588,94.7374954283
841,16.9045079588,94.7324954283,16.9095079588,94.7374954283
839,16.8945079588,94.7324954283,16.8995079588,94.7374954283
838,16.8895079588,94.7324954283,16.8945079588,94.7374954283
161,16.7545079588,94.7249954283,16.7570079588,94.7274954283
157,16.7495079588,94.7249954283,16.7520079588,94.7274954283
155,16.7470079588,94.7249954283,16.7495079588,94.7274954283
153,16.7445079588,94.7249954283,16.7470079588,94.7274954283
152,16.7870079588,94.7574954283,16.7895079588,94.7599954283
151,16.7845079588,94.7574954283,16.7870079588,94.7599954283
150,16.7820079588,94.7574954283,16.7845079588,94.7599954283
149,16.7795079588,94.7574954283,16.7820079588,94.7599954283
148,16.7770079588,94.7574954283,16.7795079588,94.7599954283
147,16.7745079588,94.7574954283,16.7770079588,94.7599954283
146,16.7720079588,94.7574954283,16.7745079588,94.7599954283
145,16.7695079588,94.7574954283,16.7720079588,94.7599954283
144,16.7670079588,94.7574954283,16.7695079588,94.7599954283
143,16.7645079588,94.7574954283,16.7670079588,94.7599954283
142,16.7620079588,94.7574954283,16.7645079588,94.7599954283
141,16.7595079588,94.7574954283,16.7620079588,94.7599954283
140,16.7570079588,94.7574954283,16.7595079588,94.7599954283
139,16.7545079588,94.7574954283,16.7570079588,94.7599954283
138,16.7520079588,94.7574954283,16.7545079588,94.7599954283
137,16.7495079588,94.7574954283,16.7520079588,94.7599954283
136,16.7470079588,94.7574954283,16.7495079588,94.7599954283
135,16.7445079588,94.7574954283,16.7470079588,94.7599954283
134,16.7970079588,94.7224954283,16.7995079588,94.7249954283
133,16.7945079588,94.7224954283,16.7970079588,94.7249954283
132,16.7920079588,94.7224954283,16.7945079588,94.7249954283
131,16.7895079588,94.7224954283,16.7920079588,94.7249954283
130,16.7870079588,94.7224954283,16.7895079588,94.7249954283
129,16.7845079588,94.7224954283,16.7870079588,94.7249954283
127,16.7770079588,94.7224954283,16.7795079588,94.7249954283
126,16.8195079588,94.7549954283,16.8220079588,94.7574954283
125,16.7745079588,94.7224954283,16.7770079588,94.7249954283
124,16.8170079588,94.7549954283,16.8195079588,94.7574954283
122,16.8145079588,94.7549954283,16.8170079588,94.7574954283
118,16.7620079588,94.7224954283,16.7645079588,94.7249954283
117,16.7595079588,94.7224954283,16.7620079588,94.7249954283
116,16.8020079588,94.7549954283,16.8045079588,94.7574954283
115,16.7570079588,94.7224954283,16.7595079588,94.7249954283
113,16.7545079588,94.7224954283,16.7570079588,94.7249954283
111,16.7520079588,94.7224954283,16.7545079588,94.7249954283
110,16.7945079588,94.7549954283,16.7970079588,94.7574954283
109,16.7495079588,94.7224954283,16.7520079588,94.7249954283
108,16.7920079588,94.7549954283,16.7945079588,94.7574954283
107,16.7470079588,94.7224954283,16.7495079588,94.7249954283
106,16.7895079588,94.7549954283,16.7920079588,94.7574954283
105,16.7445079588,94.7224954283,16.7470079588,94.7249954283
104,16.7870079588,94.7549954283,16.7895079588,94.7574954283
103,16.7845079588,94.7549954283,16.7870079588,94.7574954283
102,16.7820079588,94.7549954283,16.7845079588,94.7574954283
101,16.7795079588,94.7549954283,16.7820079588,94.7574954283
100,16.7770079588,94.7549954283,16.7795079588,94.7574954283
99,16.7745079588,94.7549954283,16.7770079588,94.7574954283
98,16.7720079588,94.7549954283,16.7745079588,94.7574954283
97,16.7695079588,94.7549954283,16.7720079588,94.7574954283
96,16.7670079588,94.7549954283,16.7695079588,94.7574954283
95,16.7645079588,94.7549954283,16.7670079588,94.7574954283
94,16.7620079588,94.7549954283,16.7645079588,94.7574954283
93,16.7595079588,94.7549954283,16.7620079588,94.7574954283
92,16.7570079588,94.7549954283,16.7595079588,94.7574954283
91,16.7545079588,94.7549954283,16.7570079588,94.7574954283
90,16.7520079588,94.7549954283,16.7545079588,94.7574954283
88,16.7470079588,94.7549954283,16.7495079588,94.7574954283
87,16.7445079588,94.7549954283,16.7470079588,94.7574954283
86,16.8220079588,94.7524954283,16.8245079588,94.7549954283
85,16.8195079588,94.7524954283,16.8220079588,94.7549954283
82,16.8145079588,94.7524954283,16.8170079588,94.7549954283
77,16.7595079588,94.7199954283,16.7620079588,94.7224954283
76,16.8020079588,94.7524954283,16.8045079588,94.7549954283
74,16.7995079588,94.7524954283,16.8020079588,94.7549954283
72,16.7970079588,94.7524954283,16.7995079588,94.7549954283
71,16.7520079588,94.7199954283,16.7545079588,94.7224954283
70,16.7945079588,94.7524954283,16.7970079588,94.7549954283
69,16.7495079588,94.7199954283,16.7520079588,94.7224954283
68,16.7920079588,94.7524954283,16.7945079588,94.7549954283
67,16.7470079588,94.7199954283,16.7495079588,94.7224954283
66,16.7895079588,94.7524954283,16.7920079588,94.7549954283
65,16.7445079588,94.7199954283,16.7470079588,94.7224954283
64,16.7870079588,94.7524954283,16.7895079588,94.7549954283
63,16.7420079588,94.7199954283,16.7445079588,94.7224954283
62,16.7845079588,94.7524954283,16.7870079588,94.7549954283
61,16.7395079588,94.7199954283,16.7420079588,94.7224954283
59,16.7795079588,94.7524954283,16.7820079588,94.7549954283
58,16.7770079588,94.7524954283,16.7795079588,94.7549954283
57,16.7745079588,94.7524954283,16.7770079588,94.7549954283
56,16.7720079588,94.7524954283,16.7745079588,94.7549954283
55,16.7695079588,94.7524954283,16.7720079588,94.7549954283
54,16.7670079588,94.7524954283,16.7695079588,94.7549954283
53,16.7645079588,94.7524954283,16.7670079588,94.7549954283
52,16.7620079588,94.7524954283,16.7645079588,94.7549954283
51,16.7595079588,94.7524954283,16.7620079588,94.7549954283
50,16.7570079588,94.7524954283,16.7595079588,94.7549954283
49,16.7545079588,94.7524954283,16.7570079588,94.7549954283
48,16.7520079588,94.7524954283,16.7545079588,94.7549954283
47,16.7495079588,94.7524954283,16.7520079588,94.7549954283
46,16.7470079588,94.7524954283,16.7495079588,94.7549954283
45,16.7445079588,94.7524954283,16.7470079588,94.7549954283
44,16.8220079588,94.7499954283,16.8245079588,94.7524954283
43,16.8195079588,94.7499954283,16.8220079588,94.7524954283
42,16.8170079588,94.7499954283,16.8195079588,94.7524954283
41,16.7720079588,94.7174954283,16.7745079588,94.7199954283
34,16.8020079588,94.7499954283,16.8045079588,94.7524954283
33,16.7570079588,94.7174954283,16.7595079588,94.7199954283
32,16.7995079588,94.7499954283,16.8020079588,94.7524954283
31,16.7545079588,94.7174954283,16.7570079588,94.7199954283
30,16.7970079588,94.7499954283,16.7995079588,94.7524954283
29,16.7520079588,94.7174954283,16.7545079588,94.7199954283
28,16.7945079588,94.7499954283,16.7970079588,94.7524954283
27,16.7495079588,94.7174954283,16.7520079588,94.7199954283
26,16.7920079588,94.7499954283,16.7945079588,94.7524954283
25,16.7470079588,94.7174954283,16.7495079588,94.7199954283
24,16.7895079588,94.7499954283,16.7920079588,94.7524954283
23,16.7445079588,94.7174954283,16.7470079588,94.7199954283
22,16.7870079588,94.7499954283,16.7895079588,94.7524954283
21,16.7420079588,94.7174954283,16.7445079588,94.7199954283
19,16.7395079588,94.7174954283,16.7420079588,94.7199954283
18,16.7820079588,94.7499954283,16.7845079588,94.7524954283
17,16.7795079588,94.7499954283,16.7820079588,94.7524954283
16,16.7770079588,94.7499954283,16.7795079588,94.7524954283
15,16.7745079588,94.7499954283,16.7770079588,94.7524954283
13,16.7695079588,94.7499954283,16.7720079588,94.7524954283
12,16.7670079588,94.7499954283,16.7695079588,94.7524954283
11,16.7645079588,94.7499954283,16.7670079588,94.7524954283
10,16.7620079588,94.7499954283,16.7645079588,94.7524954283
9,16.7595079588,94.7499954283,16.7620079588,94.7524954283
8,16.7570079588,94.7499954283,16.7595079588,94.7524954283
6,16.7520079588,94.7499954283,16.7545079588,94.7524954283
5,16.7495079588,94.7499954283,16.7520079588,94.7524954283
4,16.7470079588,94.7499954283,16.7495079588,94.7524954283
3,16.7445079588,94.7499954283,16.7470079588,94.7524954283
2,16.8220079588,94.7474954283,16.8245079588,94.7499954283
1,16.8195079588,94.7474954283,16.8220079588,94.7499954283
600,16.9145079588,94.7524954283,16.9195079588,94.7574954283
599,16.9095079588,94.7524954283,16.9145079588,94.7574954283
598,16.9045079588,94.7524954283,16.9095079588,94.7574954283
597,16.8995079588,94.7524954283,16.9045079588,94.7574954283
596,16.8945079588,94.7524954283,16.8995079588,94.7574954283
595,16.8895079588,94.7524954283,16.8945079588,94.7574954283
593,16.8795079588,94.7524954283,16.8845079588,94.7574954283
592,16.8745079588,94.7524954283,16.8795079588,94.7574954283
591,16.8695079588,94.7524954283,16.8745079588,94.7574954283
590,16.8645079588,94.7524954283,16.8695079588,94.7574954283
589,16.8595079588,94.7524954283,16.8645079588,94.7574954283
588,16.7895079588,94.6874954283,16.7945079588,94.6924954283
587,16.8545079588,94.7524954283,16.8595079588,94.7574954283
586,16.7845079588,94.6874954283,16.7895079588,94.6924954283
585,16.8495079588,94.7524954283,16.8545079588,94.7574954283
583,16.8445079588,94.7524954283,16.8495079588,94.7574954283
580,16.7695079588,94.6874954283,16.7745079588,94.6924954283
579,16.8345079588,94.7524954283,16.8395079588,94.7574954283
577,16.8245079588,94.7524954283,16.8295079588,94.7574954283
575,16.8045079588,94.7524954283,16.8095079588,94.7574954283
574,16.7395079588,94.7524954283,16.7445079588,94.7574954283
573,16.7345079588,94.7524954283,16.7395079588,94.7574954283
572,16.9245079588,94.7474954283,16.9295079588,94.7524954283
571,16.9195079588,94.7474954283,16.9245079588,94.7524954283
569,16.9095079588,94.7474954283,16.9145079588,94.7524954283
568,16.9045079588,94.7474954283,16.9095079588,94.7524954283
567,16.8995079588,94.7474954283,16.9045079588,94.7524954283
566,16.8945079588,94.7474954283,16.8995079588,94.7524954283
565,16.8895079588,94.7474954283,16.8945079588,94.7524954283
564,16.8845079588,94.7474954283,16.8895079588,94.7524954283
563,16.8795079588,94.7474954283,16.8845079588,94.7524954283
562,16.8745079588,94.7474954283,16.8795079588,94.7524954283
561,16.8695079588,94.7474954283,16.8745079588,94.7524954283
559,16.8595079588,94.7474954283,16.8645079588,94.7524954283
558,16.8545079588,94.7474954283,16.8595079588,94.7524954283
557,16.7845079588,94.6824954283,16.7895079588,94.6874954283
556,16.8495079588,94.7474954283,16.8545079588,94.7524954283
554,16.8445079588,94.7474954283,16.8495079588,94.7524954283
551,16.7695079588,94.6824954283,16.7745079588,94.6874954283
550,16.8345079588,94.7474954283,16.8395079588,94.7524954283
549,16.7645079588,94.6824954283,16.7695079588,94.6874954283
548,16.8295079588,94.7474954283,16.8345079588,94.7524954283
547,16.8245079588,94.7474954283,16.8295079588,94.7524954283
544,16.8170079588,94.7474954283,16.8195079588,94.7499954283
543,16.7720079588,94.7149954283,16.7745079588,94.7174954283
541,16.7695079588,94.7149954283,16.7720079588,94.7174954283
540,16.7670079588,94.7149954283,16.7695079588,94.7174954283
536,16.8020079588,94.7474954283,16.8045079588,94.7499954283
535,16.7570079588,94.7149954283,16.7595079588,94.7174954283
534,16.7995079588,94.7474954283,16.8020079588,94.7499954283
533,16.7545079588,94.7149954283,16.7570079588,94.7174954283
532,16.7970079588,94.7474954283,16.7995079588,94.7499954283
531,16.7520079588,94.7149954283,16.7545079588,94.7174954283
530,16.7945079588,94.7474954283,16.7970079588,94.7499954283
528,16.7920079588,94.7474954283,16.7945079588,94.7499954283
527,16.7470079588,94.7149954283,16.7495079588,94.7174954283
526,16.7895079588,94.7474954283,16.7920079588,94.7499954283
525,16.7445079588,94.7149954283,16.7470079588,94.7174954283
524,16.7870079588,94.7474954283,16.7895079588,94.7499954283
519,16.7745079588,94.7474954283,16.7770079588,94.7499954283
516,16.7670079588,94.7474954283,16.7695079588,94.7499954283
515,16.8070079588,94.7799954283,16.8095079588,94.7824954283
514,16.7645079588,94.7474954283,16.7670079588,94.7499954283
513,16.8045079588,94.7799954283,16.8070079588,94.7824954283
512,16.7620079588,94.7474954283,16.7645079588,94.7499954283
511,16.7595079588,94.7474954283,16.7620079588,94.7499954283
510,16.8020079588,94.7799954283,16.8045079588,94.7824954283
509,16.7995079588,94.7799954283,16.8020079588,94.7824954283
442,16.7645079588,94.7424954283,16.7670079588,94.7449954283
441,16.8045079588,94.7749954283,16.8070079588,94.7774954283
440,16.7620079588,94.7424954283,16.7645079588,94.7449954283
439,16.8020079588,94.7749954283,16.8045079588,94.7774954283
438,16.7595079588,94.7424954283,16.7620079588,94.7449954283
437,16.7995079588,94.7749954283,16.8020079588,94.7774954283
436,16.7570079588,94.7424954283,16.7595079588,94.7449954283
434,16.7545079588,94.7424954283,16.7570079588,94.7449954283
433,16.7945079588,94.7749954283,16.7970079588,94.7774954283
432,16.8320079588,94.7399954283,16.8345079588,94.7424954283
431,16.8295079588,94.7399954283,16.8320079588,94.7424954283
430,16.8270079588,94.7399954283,16.8295079588,94.7424954283
426,16.8170079588,94.7399954283,16.8195079588,94.7424954283
425,16.8145079588,94.7399954283,16.8170079588,94.7424954283
424,16.8120079588,94.7399954283,16.8145079588,94.7424954283
422,16.8070079588,94.7399954283,16.8095079588,94.7424954283
421,16.8045079588,94.7399954283,16.8070079588,94.7424954283
418,16.7970079588,94.7399954283,16.7995079588,94.7424954283
410,16.7770079588,94.7399954283,16.7795079588,94.7424954283
409,16.7745079588,94.7399954283,16.7770079588,94.7424954283
403,16.8045079588,94.7724954283,16.8070079588,94.7749954283
401,16.8020079588,94.7724954283,16.8045079588,94.7749954283
400,16.7595079588,94.7399954283,16.7620079588,94.7424954283
398,16.7570079588,94.7399954283,16.7595079588,94.7424954283
397,16.7970079588,94.7724954283,16.7995079588,94.7749954283
396,16.7545079588,94.7399954283,16.7570079588,94.7424954283
395,16.7945079588,94.7724954283,16.7970079588,94.7749954283
394,16.8320079588,94.7374954283,16.8345079588,94.7399954283
393,16.8295079588,94.7374954283,16.8320079588,94.7399954283
392,16.8270079588,94.7374954283,16.8295079588,94.7399954283
389,16.8195079588,94.7374954283,16.8220079588,94.7399954283
388,16.8170079588,94.7374954283,16.8195079588,94.7399954283
387,16.8145079588,94.7374954283,16.8170079588,94.7399954283
386,16.8120079588,94.7374954283,16.8145079588,94.7399954283
384,16.8070079588,94.7374954283,16.8095079588,94.7399954283
379,16.7945079588,94.7374954283,16.7970079588,94.7399954283
378,16.7920079588,94.7374954283,16.7945079588,94.7399954283
370,16.7720079588,94.7374954283,16.7745079588,94.7399954283
369,16.7695079588,94.7374954283,16.7720079588,94.7399954283
368,16.7670079588,94.7374954283,16.7695079588,94.7399954283
363,16.8020079588,94.7699954283,16.8045079588,94.7724954283
362,16.7595079588,94.7374954283,16.7620079588,94.7399954283
361,16.7995079588,94.7699954283,16.8020079588,94.7724954283
360,16.7570079588,94.7374954283,16.7595079588,94.7399954283
359,16.7545079588,94.7374954283,16.7570079588,94.7399954283
358,16.7970079588,94.7699954283,16.7995079588,94.7724954283
357,16.7945079588,94.7699954283,16.7970079588,94.7724954283
356,16.7920079588,94.7699954283,16.7945079588,94.7724954283
355,16.7895079588,94.7699954283,16.7920079588,94.7724954283
354,16.7870079588,94.7699954283,16.7895079588,94.7724954283
353,16.7845079588,94.7699954283,16.7870079588,94.7724954283
352,16.7820079588,94.7699954283,16.7845079588,94.7724954283
351,16.7795079588,94.7699954283,16.7820079588,94.7724954283
350,16.8220079588,94.7349954283,16.8245079588,94.7374954283
348,16.8170079588,94.7349954283,16.8195079588,94.7374954283
347,16.8145079588,94.7349954283,16.8170079588,94.7374954283
346,16.8120079588,94.7349954283,16.8145079588,94.7374954283
345,16.8095079588,94.7349954283,16.8120079588,94.7374954283
339,16.7945079588,94.7349954283,16.7970079588,94.7374954283
335,16.7845079588,94.7349954283,16.7870079588,94.7374954283
331,16.7745079588,94.7349954283,16.7770079588,94.7374954283
327,16.8070079588,94.7674954283,16.8095079588,94.7699954283
325,16.8045079588,94.7674954283,16.8070079588,94.7699954283
320,16.7570079588,94.7349954283,16.7595079588,94.7374954283
319,16.7970079588,94.7674954283,16.7995079588,94.7699954283
318,16.7545079588,94.7349954283,16.7570079588,94.7374954283
317,16.7945079588,94.7674954283,16.7970079588,94.7699954283
316,16.7520079588,94.7349954283,16.7545079588,94.7374954283
315,16.7920079588,94.7674954283,16.7945079588,94.7699954283
314,16.7495079588,94.7349954283,16.7520079588,94.7374954283
313,16.7895079588,94.7674954283,16.7920079588,94.7699954283
312,16.7470079588,94.7349954283,16.7495079588,94.7374954283
311,16.7445079588,94.7349954283,16.7470079588,94.7374954283
310,16.7870079588,94.7674954283,16.7895079588,94.7699954283
309,16.7845079588,94.7674954283,16.7870079588,94.7699954283
308,16.7820079588,94.7674954283,16.7845079588,94.7699954283
307,16.7795079588,94.7674954283,16.7820079588,94.7699954283
306,16.8220079588,94.7324954283,16.8245079588,94.7349954283
304,16.8170079588,94.7324954283,16.8195079588,94.7349954283
303,16.8145079588,94.7324954283,16.8170079588,94.7349954283
302,16.8120079588,94.7324954283,16.8145079588,94.7349954283
301,16.8095079588,94.7324954283,16.8120079588,94.7349954283
300,16.8070079588,94.7324954283,16.8095079588,94.7349954283
299,16.8045079588,94.7324954283,16.8070079588,94.7349954283
294,16.7920079588,94.7324954283,16.7945079588,94.7349954283
281,16.8020079588,94.7649954283,16.8045079588,94.7674954283
277,16.7970079588,94.7649954283,16.7995079588,94.7674954283
276,16.7545079588,94.7324954283,16.7570079588,94.7349954283
275,16.7945079588,94.7649954283,16.7970079588,94.7674954283
274,16.7520079588,94.7324954283,16.7545079588,94.7349954283
273,16.7920079588,94.7649954283,16.7945079588,94.7674954283
272,16.7495079588,94.7324954283,16.7520079588,94.7349954283
270,16.7470079588,94.7324954283,16.7495079588,94.7349954283
269,16.7445079588,94.7324954283,16.7470079588,94.7349954283
268,16.7870079588,94.7649954283,16.7895079588,94.7674954283
267,16.7845079588,94.7649954283,16.7870079588,94.7674954283
266,16.7820079588,94.7649954283,16.7845079588,94.7674954283
265,16.7795079588,94.7649954283,16.7820079588,94.7674954283
264,16.7770079588,94.7649954283,16.7795079588,94.7674954283
263,16.7745079588,94.7649954283,16.7770079588,94.7674954283
262,16.8020079588,94.7299954283,16.8045079588,94.7324954283
797,16.8095079588,94.7224954283,16.8145079588,94.7274954283
779,16.8095079588,94.7174954283,16.8145079588,94.7224954283
777,16.7995079588,94.7174954283,16.8045079588,94.7224954283
761,16.8395079588,94.7124954283,16.8445079588,94.7174954283
752,16.7945079588,94.7124954283,16.7995079588,94.7174954283
730,16.8095079588,94.7074954283,16.8145079588,94.7124954283
729,16.8045079588,94.7074954283,16.8095079588,94.7124954283
720,16.8245079588,94.7724954283,16.8295079588,94.7774954283
581,16.8395079588,94.7524954283,16.8445079588,94.7574954283
552,16.8395079588,94.7474954283,16.8445079588,94.7524954283
546,16.8095079588,94.7474954283,16.8145079588,94.7524954283
545,16.8045079588,94.7474954283,16.8095079588,94.7524954283
542,16.8145079588,94.7474954283,16.8170079588,94.7499954283
508,16.7570079588,94.7474954283,16.7595079588,94.7499954283
507,16.7545079588,94.7474954283,16.7570079588,94.7499954283
506,16.7520079588,94.7474954283,16.7545079588,94.7499954283
505,16.7495079588,94.7474954283,16.7520079588,94.7499954283
504,16.7470079588,94.7474954283,16.7495079588,94.7499954283
503,16.7445079588,94.7474954283,16.7470079588,94.7499954283
502,16.8220079588,94.7449954283,16.8245079588,94.7474954283
501,16.8195079588,94.7449954283,16.8220079588,94.7474954283
500,16.8170079588,94.7449954283,16.8195079588,94.7474954283
498,16.8145079588,94.7449954283,16.8170079588,94.7474954283
497,16.7695079588,94.7124954283,16.7720079588,94.7149954283
496,16.7670079588,94.7124954283,16.7695079588,94.7149954283
495,16.7645079588,94.7124954283,16.7670079588,94.7149954283
494,16.7620079588,94.7124954283,16.7645079588,94.7149954283
493,16.7595079588,94.7124954283,16.7620079588,94.7149954283
492,16.8020079588,94.7449954283,16.8045079588,94.7474954283
491,16.7570079588,94.7124954283,16.7595079588,94.7149954283
490,16.7995079588,94.7449954283,16.8020079588,94.7474954283
489,16.7545079588,94.7124954283,16.7570079588,94.7149954283
488,16.7970079588,94.7449954283,16.7995079588,94.7474954283
487,16.7520079588,94.7124954283,16.7545079588,94.7149954283
486,16.7945079588,94.7449954283,16.7970079588,94.7474954283
485,16.7495079588,94.7124954283,16.7520079588,94.7149954283
483,16.7470079588,94.7124954283,16.7495079588,94.7149954283
481,16.7445079588,94.7124954283,16.7470079588,94.7149954283
472,16.7670079588,94.7449954283,16.7695079588,94.7474954283
471,16.8070079588,94.7774954283,16.8095079588,94.7799954283
469,16.8045079588,94.7774954283,16.8070079588,94.7799954283
468,16.7620079588,94.7449954283,16.7645079588,94.7474954283
467,16.8020079588,94.7774954283,16.8045079588,94.7799954283
466,16.7595079588,94.7449954283,16.7620079588,94.7474954283
465,16.7995079588,94.7774954283,16.8020079588,94.7799954283
464,16.7570079588,94.7449954283,16.7595079588,94.7474954283
463,16.7545079588,94.7449954283,16.7570079588,94.7474954283
462,16.8220079588,94.7424954283,16.8245079588,94.7449954283
460,16.8170079588,94.7424954283,16.8195079588,94.7449954283
458,16.8020079588,94.7424954283,16.8045079588,94.7449954283
457,16.7995079588,94.7424954283,16.8020079588,94.7449954283
456,16.7970079588,94.7424954283,16.7995079588,94.7449954283
454,16.7920079588,94.7424954283,16.7945079588,94.7449954283
452,16.7870079588,94.7424954283,16.7895079588,94.7449954283
446,16.7720079588,94.7424954283,16.7745079588,94.7449954283
461,16.8195079588,94.7424954283,16.8220079588,94.7449954283
429,16.8245079588,94.7399954283,16.8270079588,94.7424954283
428,16.8220079588,94.7399954283,16.8245079588,94.7424954283
427,16.8195079588,94.7399954283,16.8220079588,94.7424954283
208,16.8020079588,94.7599954283,16.8045079588,94.7624954283
202,16.7945079588,94.7599954283,16.7970079588,94.7624954283
391,16.8245079588,94.7374954283,16.8270079588,94.7399954283
